chr,snp,bp
1,rs114500301,121258273
1,rs17842561,121267173
1,rs115706173,121280485
1,rs11249433,121280613
2,rs115251226,217905223
2,rs13387042,217905832
2,rs78724492,217908461
2,rs10206577,217910274
2,rs78489857,217888079
2,rs6716542,217890643
2,rs10173250,217891253
2,rs4491709,217894756
2,rs76041963,217894996
2,rs11681010,217902505
2,rs17778091,217910588
2,rs78132771,217911029
2,rs115619116,217911696
2,rs76744836,217911953
2,rs77549302,217912437
2,rs17835187,217924856
2,rs17835248,217925670
2,rs75608574,217926096
2,rs34851859,217930492
2,rs13002378,217936746
2,rs2372965,217967717
2,rs79867741,217969034
2,rs6723845,217976591
2,rs67184727,217976869
2,rs6435716,213532030
2,rs35028965,213535240
2,rs17331821,213542758
2,rs76380053,213546176
2,rs115766367,213547467
2,rs72951831,217957699
2,rs16856918,217960513
2,rs73989734,217961514
2,rs80128899,217961981
2,rs35342474,202136014
2,rs149933993,202137381
2,rs148697064,202137392
2,rs77028341,202142991
2,rs10931936,202143928
2,rs1045485,202149589
3,rs3920005,27368884
3,rs115262557,27385448
3,rs113156482,27385515
3,rs55958314,27387641
3,rs13085767,27404374
3,rs4973768,27416013
3,rs150493940,27418257
3,rs17237572,27131570
3,rs115365220,27144121
3,rs77242308,27144387
3,rs1522151,27165174
3,rs114662202,27436597
3,rs7612092,27441755
3,rs1124873,27445430
3,rs6768214,27456543
3,rs79278990,27212931
3,rs78140845,27220257
3,rs34344159,27233716
3,rs17680194,27243119
3,rs9863368,27253521
3,rs12486588,27313122
3,rs62255588,27319266
3,rs11129280,27326097
3,rs10510594,27326451
3,rs10510592,27332820
3,rs75746712,27333462
3,rs75891446,27343261
3,rs683503,27348094
3,rs79555060,27040533
3,rs74542414,27043106
3,rs28433192,27055824
3,rs73143555,27060629
3,rs2037465,27065505
3,rs78901648,27069883
3,rs4244712,99679461
3,rs77901908,99679754
3,rs35777905,99690970
3,rs77832864,99700583
3,rs73053866,27165396
3,rs1522154,27170867
3,rs11712293,27180835
3,rs41487750,27182990
3,Affx-21288575,141081497
3,rs116415647,141085727
3,rs6440003,141094209
3,rs116669409,141095427
3,rs80060248,141101781
3,rs6763931,141102833
3,rs75833696,141103299
3,rs724016,141105570
3,rs10513136,141107612
3,rs114097136,141114013
3,rs6807935,141114293
3,rs115219969,141121855
3,rs1344672,141125705
3,rs34544234,141128677
3,rs76999624,141139125
5,rs16886165,56023083
5,rs78601188,56026473
5,rs17354278,56030717
5,rs889312,56031884
5,rs16886207,56038219
5,rs62355882,56045110
5,rs62355904,56056471
5,rs10077075,56056724
5,rs76485124,56060400
5,rs148474409,44690214
5,rs79627303,44694361
5,rs714130,44701418
5,rs75432293,44705629
5,rs7726354,56256483
5,rs2662024,56257515
5,rs978407,56259593
5,rs78366197,56261196
5,rs55999709,55989823
5,rs79167119,55994172
5,rs141371509,55994713
5,rs16886113,55995035
5,rs7446551,44604890
5,rs75139801,44631348
5,rs72752202,44639852
5,rs4415084,44662515
5,rs116110902,44857181
5,rs7716600,44875005
5,rs10462084,44901349
5,rs10077814,44916789
5,rs72756203,44803546
5,rs114744525,44804976
5,rs112094553,44806448
5,rs111765202,44809015
5,rs112901974,44809098
5,Affx-26614651,44809162
5,rs35601455,44809369
5,rs72756207,44811207
5,rs10036895,56273693
5,rs75137028,56277932
5,rs16886583,56279658
5,rs114103789,56282692
5,rs17661089,56105996
5,rs79706517,56132180
5,rs115208775,56141033
5,rs33332,56148116
5,rs78686102,56152795
5,rs55694258,56155618
5,rs76348778,45257029
5,rs77732644,45266078
5,rs56154381,45267183
5,rs114510199,45272603
5,rs981782,45285718
5,rs72759957,45286288
5,rs13170143,45320111
5,rs78744516,45330427
5,rs114149695,45335416
5,rs79094604,45346407
5,rs78112135,45353775
5,rs114303263,45363651
5,rs12513449,45411926
5,rs12659024,45417690
5,rs76855774,45419343
5,rs76905871,45421964
5,rs72762052,45427937
5,rs12188736,158161210
5,rs2018466,158162106
5,rs72810372,158163422
5,rs7732733,158167192
5,rs17712788,158182330
5,rs2116727,158193049
5,rs17056207,158203006
5,rs17635991,158222866
5,rs7719873,158231990
5,rs75609125,158232531
5,rs114682594,158238980
5,rs6556366,158242238
5,rs11954193,158256118
5,rs6556367,158269759
5,rs116640818,158279415
5,rs17715887,158284985
5,rs115155079,158286503
5,rs2072495,158296996
5,rs17543647,158305345
5,rs717564,158324706
5,rs16901986,44833874
5,rs77429683,44841555
5,rs75062473,44846783
5,rs4440370,44853352
5,rs56090436,44990697
5,rs115462522,44991858
5,rs72759918,44992980
5,rs72759919,44993093
5,rs116167547,45000260
5,rs34288063,45025097
5,rs11750364,45040038
5,rs72759928,45068172
5,rs75474168,45069819
5,rs77212690,45078333
5,rs116144464,45088820
5,rs10051592,45090306
5,rs114616103,1292958
5,rs34094720,1293767
5,rs33977403,1296727
5,rs2736108,1297488
5,rs5867669,44496660
5,rs75638122,44512378
5,rs116620271,44512761
5,rs12657591,44515072
5,rs74473290,44523174
5,rs1531803,44528543
5,rs78297490,44542953
6,rs6929137,151936677
6,rs3734804,151939181
6,rs3734805,151939350
6,rs13207030,151944418
6,rs2046210,151948366
6,rs74893841,151948668
6,rs9397485,152434828
6,rs2813549,152441239
6,rs2813553,152441919
6,rs2250122,152443468
6,rs17530068,82193109
6,rs72893591,82194840
6,rs76731595,82200645
6,rs9361826,82206416
6,rs78180465,82207686
6,rs77894701,82207828
6,rs12193653,82234693
6,rs116312592,82243463
6,rs16893209,82253194
6,rs1341227,82268427
6,rs12208456,82270746
6,rs1417716,82272774
8,rs12541832,128353171
8,rs13281615,128355618
8,rs80159030,128356300
8,rs11783615,128367007
8,rs116979987,128368872
8,rs117930653,128369231
8,rs117400391,128369510
8,rs78858194,128372853
8,rs7815100,128376801
8,rs79477516,128383084
8,rs2121631,128386556
8,rs2392780,128388025
8,rs6981732,128395593
8,rs17400313,36788391
8,rs16885577,36788479
8,rs190224798,36788597
8,rs2275960,36790339
8,rs4739456,36792421
8,rs79926822,36696318
8,rs16885494,36697279
8,rs61744028,36703120
8,rs6468382,36704042
8,rs622856,128333180
8,rs444318,128333513
8,rs17464492,128342866
8,rs72712352,128349434
8,rs10086016,36847709
8,rs144400032,36854429
8,rs72635328,36855332
8,rs9649910,36865173
9,rs62567084,110888348
9,rs865686,110888478
9,rs7863179,110893246
9,rs10114582,110897072
9,rs35338365,110900335
9,rs117145215,110901785
9,rs117686075,110903782
9,rs837990,110907870
9,rs189368445,110919211
9,rs34499892,110920289
9,rs79206850,110924215
9,rs527246,110932294
9,rs35904098,110932572
9,rs72745965,110939948
9,rs10759243,110306115
9,rs76330086,110307810
9,rs56319530,110310205
9,rs77161067,110310906
9,rs76391549,110314703
9,rs117039290,110831996
9,rs72745932,110834549
9,rs111283159,110835980
9,rs10816625,110837073
10,rs45631630,123340824
10,rs2981575,123346116
10,rs1219648,123346190
10,rs17542858,123349430
10,rs2981579,123337335
10,rs17542768,123337814
10,rs45631549,123338472
10,rs45631614,123340327
10,rs2981582,123352317
10,rs45631558,123357210
10,rs41301031,123359727
10,rs73356565,123365724
10,rs17542209,123317926
10,rs56226109,123325158
10,rs2912787,123325538
10,rs36048667,123328529
10,rs3750817,123332577
10,rs61874140,123435982
10,rs1219487,123440279
10,rs113940757,123442482
10,rs7924234,123446062
10,rs117256623,123454174
10,rs118181559,123418236
10,rs116850002,123421277
10,rs12242201,123422858
10,rs61874138,123425616
10,rs74886369,123368101
10,rs117813079,123371924
10,rs10788190,123387029
10,rs1631281,123390785
10,rs10824713,80835868
10,rs79300793,80836314
10,rs704010,80841148
10,rs1250004,80846655
10,rs75016580,80849470
10,rs111363873,80850455
10,rs10822013,64251977
10,rs11813235,64252110
10,rs12245332,64260847
10,rs78100483,64267265
10,rs61863446,64269725
10,rs16917317,64270771
10,rs72831112,64273113
10,rs5785530,64276600
10,rs10995190,64278682
10,rs7090018,123268889
10,rs116941692,123270216
10,rs78985527,123271539
10,rs77295559,123285525
10,rs17541509,123285620
10,rs117061282,123289568
10,rs11199993,123291264
10,rs74985544,123291583
10,rs3135752,123296158
11,rs10737153,69281829
11,rs57506806,69283424
11,rs76987532,69295887
11,rs587230,69299771
11,rs1122316,69300075
11,rs4980661,69306579
11,rs637185,69308023
11,rs665172,69311989
11,rs592081,69314267
11,rs11601399,69320462
11,rs76809977,69323264
11,rs657315,69332712
11,rs498931,69339617
11,rs71465432,69343155
11,rs75296154,69343815
11,rs72929545,69349388
11,rs183782062,69353882
11,rs79442425,69377509
11,rs117717143,69378694
11,rs4980389,1892585
11,rs61868780,1894039
11,rs181774507,1901358
11,rs144778074,1901454
11,rs2271439,1901467
11,rs61751880,1904736
11,rs61868799,1905880
11,rs10894063,129454023
11,rs10894074,129457033
11,rs11822830,129461016
11,rs7107217,129473690
11,rs7936804,129474773
11,rs72846727,1931121
11,rs909116,1941946
11,rs78662878,1945174
11,rs73413020,1946530
11,rs7927237,69245812
11,rs79373485,69247621
11,rs61881566,69255125
11,rs117796657,69255905
11,rs74512832,69260580
11,rs7394746,69262428
11,rs7113550,69269768
12,rs17041204,96017678
12,rs74817219,96019569
12,rs2887022,96027323
12,rs17356907,96027759
12,rs74445512,28127895
12,rs77077416,28127976
12,rs10843048,28132906
12,rs77549114,28147129
12,rs788464,28153018
12,rs1391713,115814864
12,rs2047482,115824875
12,rs78181703,115825892
12,rs10850495,115826915
12,rs2454400,115827511
12,rs11067567,115828256
12,rs11609185,115832213
12,rs117697094,115835044
12,rs61929330,115835520
12,rs1009975,115837861
14,rs61985778,69015415
14,rs192820696,69019438
14,rs149689169,69019602
14,rs74637563,69030890
14,rs999737,69034682
14,rs113609899,68986326
14,rs17105794,69002167
14,rs2525521,69003317
14,rs71423318,69005887
16,rs4784227,52599188
16,rs76543857,52603860
16,rs118162666,52606881
16,rs9708611,52612665
16,rs3803662,52586341
16,rs45477396,52589347
16,rs45493397,52591719
16,rs75571494,52596184
16,rs4784220,52535810
16,rs8046985,52536348
16,rs45542333,52540195
16,rs78268044,52541813
16,rs45454402,52548152
16,rs45618336,52554055
16,rs45512493,52559726
16,rs45587233,52564026
16,rs45625634,52564174
16,rs45577136,52566220
16,rs45496893,52568130
16,rs34750829,52569537
16,rs9931232,52572832
16,rs78338509,52520326
16,rs12447430,52521628
16,rs45545931,52523640
16,rs7186907,52527403
16,rs3104767,52624738
16,rs45570038,52632689
16,rs3112612,52635164
16,rs45568636,52635313
16,rs45584434,52637208
16,rs45560737,52637632
16,rs45575339,52638367
16,rs45587544,52640206
16,rs72807664,52650827
16,rs3112606,52650909
16,rs1477196,53808258
16,rs1121980,53809247
16,rs17817449,53813367
16,rs8050136,53816275
16,rs76804286,53820512
16,rs9939609,53820527
16,rs7202116,53821615
16,rs9941349,53825488
16,rs60386982,53797452
16,rs6499643,53797518
16,rs9940128,53800754
16,rs1421085,53800954
16,rs9930506,53830465
16,rs9922619,53831771
16,rs111357538,53842712
16,rs12149832,53842908
16,rs116753298,53844105
16,rs17218700,53844579
16,rs11642841,53845487
16,rs56327688,53848448
16,rs9925952,53853898
16,rs75929173,53856104
16,rs74018601,53857113
16,rs147561986,53860080
16,rs182784714,53860088
16,rs145884431,53860139
16,rs16952577,53868316
16,rs6499652,53874580
17,rs62070652,29221277
17,rs114345202,29221584
17,rs2433,29226228
17,rs76615268,29227072
18,rs10502480,24516214
18,rs76417562,24516550
18,rs57440801,24517452
18,rs35269358,24535772
18,rs117902998,24540957
18,rs17623649,24545409
21,rs8127278,16552671
21,rs74626514,16560529
21,rs62218999,16562709
21,rs2823130,16566350
21,rs7275695,16568524
21,rs34790483,16569932
21,rs139496198,16573322
22,rs6001932,40877635
22,rs73169003,40900856
22,rs118014095,40919160
22,rs116878828,40942021
22,rs9607732,40990077
22,rs17002034,40996367
22,rs80270068,40999221
22,rs133033,41002252
22,rs116971651,40823284
22,rs73167034,40826534
22,rs75075962,40831256
22,rs76747430,40833842
22,rs35010022,41045892
22,rs55916800,41049315
22,rs133054,41050608
22,rs117871311,41054954
22,rs73171018,41061691
22,rs133070,41074773
22,rs117372135,41075523
22,rs133072,41075543
