"","CHR","BP","P","SNP"
"26167",1,121280613,3.78e-15,"rs11249433"
"90226",2,217890643,4.95e-12,"rs6716542"
"90233",2,217905832,1.09e-25,"rs13387042"
"90245",2,217936746,2.3e-12,"rs13002378"
"90255",2,217957699,1.76e-17,"rs72951831"
"90262",2,217967717,1.17e-09,"rs2372965"
"90265",2,217976869,1.06e-11,"rs67184727"
"104373",3,27165174,1.41e-14,"rs1522151"
"104381",3,27243119,2.77e-09,"rs17680194"
"104392",3,27326451,7.96e-09,"rs10510594"
"104393",3,27332820,7.57e-09,"rs10510592"
"104397",3,27368884,1.52e-19,"rs3920005"
"104402",3,27416013,3.62e-17,"rs4973768"
"104408",3,27445430,6.03e-13,"rs1124873"
"171031",4,175846110,7.6e-10,"rs6826366"
"185167",5,44662515,5.97e-13,"rs4415084"
"185171",5,44701418,1.83e-14,"rs714130"
"185189",5,44809162,1.4e-09,"Affx-26614651"
"185197",5,44853352,1.5e-09,"rs4440370"
"185201",5,44875005,2.13e-12,"rs7716600"
"185203",5,44916789,9.99e-13,"rs10077814"
"185240",5,45286288,2.82e-10,"rs72759957"
"186595",5,55995035,3.87e-13,"rs16886113"
"186600",5,56023083,3.27e-28,"rs16886165"
"186603",5,56031884,1.49e-18,"rs889312"
"186607",5,56045110,4.51e-11,"rs62355882"
"186610",5,56060400,2.31e-12,"rs76485124"
"186618",5,56152795,5.29e-12,"rs78686102"
"186640",5,56256483,1.71e-11,"rs7726354"
"186641",5,56257515,3.91e-12,"rs2662024"
"186645",5,56273693,7.91e-12,"rs10036895"
"205933",5,158256118,4.37e-09,"rs11954193"
"248699",6,151936677,1.1e-16,"rs6929137"
"248701",6,151939350,1.19e-10,"rs3734805"
"248703",6,151948366,8.04e-14,"rs2046210"
"248708",6,151988829,4.25e-10,"rs6913799"
"297348",8,36697279,3.26e-09,"rs16885494"
"297373",8,36788479,1.2e-09,"rs16885577"
"297375",8,36790339,3.86e-09,"rs2275960"
"297382",8,36847709,1.02e-11,"rs10086016"
"312940",8,128342866,7.07e-09,"rs17464492"
"312942",8,128353171,1.54e-15,"rs12541832"
"312943",8,128355618,2.28e-17,"rs13281615"
"312950",8,128376801,3.15e-14,"rs7815100"
"312953",8,128386556,2.51e-10,"rs2121631"
"312954",8,128388025,3.95e-14,"rs2392780"
"336097",9,110837073,1.76e-09,"rs10816625"
"336108",9,110888478,1.33e-15,"rs865686"
"336118",9,110932294,2.37e-10,"rs527246"
"370163",10,123241122,2.21e-09,"rs3135819"
"370188",10,123332577,1.03e-44,"rs3750817"
"370189",10,123337335,3.1e-100,"rs2981579"
"370193",10,123340824,7.61e-09,"rs45631630"
"370194",10,123346116,7.36e-101,"rs2981575"
"370195",10,123346190,2.1e-100,"rs1219648"
"370197",10,123352317,5.42e-92,"rs2981582"
"370200",10,123365724,4.97e-15,"rs73356565"
"370204",10,123390785,7.28e-14,"rs1631281"
"370210",10,123422858,1.87e-09,"rs12242201"
"370216",10,123446062,2.04e-10,"rs7924234"
"389701",11,69281829,6.01e-10,"rs10737153"
"389702",11,69283424,5.16e-16,"rs57506806"
"389708",11,69311989,8.98e-09,"rs665172"
"389715",11,69343815,3.95e-26,"rs75296154"
"389743",11,69461686,1.33e-11,"rs34507830"
"412001",12,28132906,1.11e-09,"rs10843048"
"412003",12,28153018,5.09e-13,"rs788464"
"412004",12,28166067,3.04e-10,"rs2590275"
"423907",12,96027759,3.04e-14,"rs17356907"
"428334",12,115814864,3.25e-10,"rs1391713"
"428337",12,115826915,4.32e-09,"rs10850495"
"428339",12,115828256,1.26e-09,"rs11067567"
"464166",14,69005887,3.87e-09,"rs71423318"
"464173",14,69034682,1.18e-10,"rs999737"
"499490",16,23632683,7.01e-13,"rs180177132"
"502839",16,52527403,9.13e-15,"rs7186907"
"502843",16,52535810,3.13e-30,"rs4784220"
"502855",16,52572832,3.27e-22,"rs9931232"
"502856",16,52586341,1.4e-60,"rs3803662"
"502860",16,52597844,1.71e-10,"rs4594251"
"502861",16,52599188,1.7e-68,"rs4784227"
"502864",16,52612665,2.5e-16,"rs9708611"
"502865",16,52624738,2.08e-13,"rs3104767"
"502867",16,52635164,4.69e-13,"rs3112612"
"502874",16,52650909,5.74e-12,"rs3112606"
"521520",17,29221277,4.01e-09,"rs62070652"
"586045",21,16568524,4.22e-10,"rs7275695"
"601003",22,40826534,1.71e-11,"rs73167034"
"601007",22,40877635,1.46e-12,"rs6001932"
"601008",22,40900856,2.55e-12,"rs73169003"
"601016",22,40989374,4.6e-13,"rs17002030"
"601018",22,40996367,7.84e-14,"rs17002034"
